<?xml version="1.0" encoding="UTF-8"?>
<project-private xmlns="http://www.netbeans.org/ns/project-private/1">
    <editor-bookmarks xmlns="http://www.netbeans.org/ns/editor-bookmarks/2" lastBookmarkId="0"/>
    <open-files xmlns="http://www.netbeans.org/ns/projectui-open-files/2">
        <group>
            <file>file:/C:/Users/lab_services_student/Documents/NetBeansProjects/RahulWylie.ST10439402.Prog5121.Part1/src/rahulwylie/st10439402/prog5121/part1/MessageClass.java</file>
            <file>file:/C:/Users/lab_services_student/Documents/NetBeansProjects/RahulWylie.ST10439402.Prog5121.Part1/src/rahulwylie/st10439402/prog5121/part1/RahulWylieST10439402Prog5121Part1.java</file>
        </group>
    </open-files>
</project-private>
